company_id,id_x,sales,expenses,operating_profit,opm_percentage,other_income,interest,depreciation,profit_before_tax,tax_percentage,net_profit,eps,dividend_payout,profit_margin,id_y,equity_capital,reserves,borrowings,other_liabilities,total_liabilities,fixed_assets,cwip,investments,other_asset,total_assets,debt_to_equity,id,operating_activity,investing_activity,financing_activity,net_cash_flow,free_cash_flow,profit_score,leverage_score,cash_score,health_score,health_label
ABB,67.0,3791.6923076923076,3050.3076923076924,741.6153846153846,17.923076923076923,108.61538461538461,7.384615384615385,39.69230769230769,802.8461538461538,31.0,574.8461538461538,270.53846153846155,49.416666666666664,13.646582446130013,142.0,21.0,2049.4615384615386,56.61538461538461,863.6153846153846,2990.923076923077,167.46153846153845,3.769230769230769,0.0,2819.846153846154,2990.923076923077,0.019970230689180475,72.0,1639.391304347826,-1583.0,-16.304347826086957,40.130434782608695,56.391304347826086,0.07550770078830178,0.9997612451742167,0.47782844833888705,47.34799883692518,AVERAGE
ADANIENSOL,91.5,8420.75,5183.166666666667,3237.5,52.3,379.5,1638.5,987.75,990.9166666666666,25.0,731.4166666666666,6.5,0.0,10.199100838237918,154.5,1018.4250000000001,6773.916666666667,20784.833333333332,4577.916666666667,33154.833333333336,21343.583333333332,2561.9166666666665,460.0833333333333,8789.25,33154.833333333336,3.0047222401451723,89.0,2874.5454545454545,-3080.181818181818,272.90909090909093,67.45454545454545,-205.63636363636363,0.06999633314078543,0.9640769330039917,0.4748631016819433,45.968054366209465,AVERAGE
ADANIENT,104.0,60866.38461538462,54862.61538461538,6003.7692307692305,9.153846153846153,940.8461538461538,3068.3846153846152,1692.4615384615386,2183.6153846153848,20.916666666666668,1838.7692307692307,16.076923076923077,7.666666666666667,2.8360746948807125,176.0,110.92307692307692,22860.30769230769,43305.0,28541.846153846152,94817.84615384616,38918.92307692308,15765.23076923077,3327.230769230769,36806.38461538462,94817.84615384616,1.7773294072252876,100.5,6025.833333333333,-8639.083333333334,2686.25,73.08333333333333,-2613.25,0.05822532209857479,0.9787510730553767,0.4476163261687787,45.12003486066766,AVERAGE
ADANIGREEN,115.0,4736.0,1362.111111111111,3373.6666666666665,69.55555555555556,422.44444444444446,2272.0,1021.4444444444445,502.55555555555554,-3.875,456.0,2.4444444444444446,0.0,1.664185268412926,196.0,1538.4444444444443,2835.1111111111113,33752.333333333336,5857.222222222223,43983.333333333336,28504.0,6081.0,748.5555555555555,8660.666666666666,43983.333333333336,8.294497608037105,110.5,2996.625,-8141.5,5344.5,199.375,-5144.875,0.05635186367120696,0.9008348294924752,0.41896612373733805,41.84810314374267,AVERAGE
ADANIPORTS,132.5,13069.461538461539,5314.384615384615,7755.0,60.46153846153846,1029.1538461538462,1718.076923076923,1924.5384615384614,5141.384615384615,12.916666666666666,4401.692307692308,20.923076923076923,13.0,35.93529274663004,207.0,416.53846153846155,26913.615384615383,31110.30769230769,7213.076923076923,65653.53846153847,39066.692307692305,4892.153846153846,2069.0,19625.846153846152,65653.53846153847,1.2759998688472922,120.5,6328.75,-5743.083333333333,-493.3333333333333,92.41666666666667,585.6666666666666,0.11113987836796681,0.9847447367470198,0.4838182162833531,48.50248372562985,AVERAGE
ADANIPOWER,152.0,27466.0,19079.53846153846,8386.461538461539,28.384615384615383,1787.5384615384614,4453.153846153846,2803.076923076923,2917.846153846154,-5.833333333333333,2772.076923076923,6.846153846153846,0.0,2.004204346587545,220.0,3552.6153846153848,12036.307692307691,46711.46153846154,13172.461538461539,75472.69230769231,52462.07692307692,5063.538461538462,170.46153846153845,17776.69230769231,75472.69230769231,10.188930282240213,132.5,6516.833333333333,-1466.75,-4984.083333333333,65.83333333333333,5050.083333333333,0.056895440217837386,0.8781858701425629,0.5343416710755509,44.651643845256906,AVERAGE
AMBUJACEM,165.0,22582.923076923078,18596.53846153846,3986.5384615384614,17.923076923076923,496.7692307692308,158.23076923076923,1128.7692307692307,3196.3846153846152,22.333333333333332,2496.230769230769,10.384615384615385,44.916666666666664,11.314275643200956,233.0,380.6923076923077,22479.46153846154,250.76923076923077,13634.615384615385,36745.46153846154,19058.384615384617,1722.076923076923,907.9230769230769,15057.076923076924,36745.46153846154,0.008702107456848178,144.5,2962.4166666666665,-2919.0,-164.58333333333334,-121.08333333333333,43.416666666666664,0.07177912389660229,0.9998959616349884,0.4776816153774335,47.19849226623675,AVERAGE
APOLLOHOSP,178.0,10548.538461538461,9207.307692307691,1341.3846153846155,12.76923076923077,102.38461538461539,312.0,436.15384615384613,695.6153846153846,34.916666666666664,481.46153846153845,34.23076923076923,29.666666666666668,4.530434393938071,246.0,70.76923076923077,4262.2307692307695,3574.4615384615386,2592.6153846153848,10499.692307692309,5961.538461538462,531.6153846153846,607.4615384615385,3399.153846153846,10499.692307692309,0.8172603355001778,156.5,958.25,-776.1666666666666,-150.0,32.166666666666664,182.08333333333334,0.060934035382864064,0.9902292140707373,0.479250895215677,46.521764693906995,AVERAGE
ASIANPAINT,191.0,21352.076923076922,17274.153846153848,4078.076923076923,18.846153846153847,337.84615384615387,94.92307692307692,559.5384615384615,3761.3076923076924,29.0,2725.0,27.846153846153847,48.416666666666664,12.464459033776278,265.5,96.0,10186.076923076924,1105.7692307692307,5639.384615384615,17027.23076923077,4850.615384615385,695.8461538461538,2763.923076923077,8717.538461538461,17027.23076923077,0.0963884072225765,168.5,2511.1666666666665,-895.0833333333334,-1362.9166666666667,253.08333333333334,1616.0833333333333,0.07361788164748219,0.9988476248606167,0.49547936123520436,47.77452484877392,AVERAGE
AXISBANK,225.0,60626.846153846156,34077.769230769234,25437.23076923077,1111.923076923077,0.38461538461538464,13410.0,1577.6923076923076,12944.615384615385,23.583333333333332,9052.153846153846,31.923076923076923,8.75,14.284209924104221,292.5,534.8333333333334,78919.33333333333,706279.25,35688.0,821421.8333333334,3789.9166666666665,226.83333333333334,184015.25,633389.9166666666,821421.8333333334,9.004988362441928,201.5,7169.166666666667,-16436.833333333332,17814.5,8546.583333333334,-9267.666666666666,0.0765270534210264,0.8923405312077539,0.372308812392784,41.000562444857195,AVERAGE
BAJAJ-AUTO,212.0,29437.23076923077,23984.153846153848,5453.2307692307695,18.692307692307693,1445.923076923077,22.923076923076923,278.15384615384613,6597.923076923077,26.083333333333332,4938.461538461538,172.3846153846154,49.75,16.812154339167,305.0,287.0,20709.76923076923,647.8461538461538,5456.2307692307695,27101.076923076922,2277.6153846153848,100.38461538461539,18737.76923076923,5985.307692307692,27101.076923076922,0.02389567529200182,219.5,3717.3333333333335,-786.5833333333334,-2982.4166666666665,-51.5,2930.75,0.08056838928544466,0.9997143143772291,0.5103573412400895,48.52488523993734,AVERAGE
BAJAJFINSV,238.0,49845.07692307692,32091.53846153846,17753.615384615383,39.69230769230769,2.0,7979.615384615385,364.2307692307692,9412.076923076924,27.0,6814.538461538462,24.307692307692307,1.5,16.57380492285194,318.0,98.3076923076923,29487.46153846154,118871.38461538461,100701.69230769231,249158.53846153847,2797.076923076923,70.61538461538461,93992.53846153847,152298.53846153847,249158.53846153847,3.4511297846622915,237.5,-21289.916666666668,-2935.5,24867.416666666668,642.0833333333334,-24225.416666666668,0.08018734845294942,0.9587398912252356,0.20303312368735496,38.06068438549569,POOR
BAJAJHLDNG,251.0,675.3846153846154,100.15384615384616,575.4615384615385,83.76923076923077,2490.3846153846152,2.3846153846153846,18.076923076923077,3045.3076923076924,10.333333333333334,3613.153846153846,321.7692307692308,18.166666666666668,591.936836700258,331.0,111.0,29660.153846153848,47.76923076923077,4445.615384615385,34264.846153846156,350.53846153846155,0.0,33378.46153846154,535.7692307692307,34264.846153846156,0.001263327277933323,249.5,1007.9166666666666,-321.5833333333333,-704.75,-18.5,686.3333333333334,1.0,0.9999848962443727,0.48495745308900107,84.54827048000122,EXCELLENT
BAJFINANCE,263.0,27022.18181818182,9362.90909090909,8776.181818181818,8883.181818181818,30.818181818181817,11.909090909090908,305.54545454545456,8589.454545454546,30.5,6233.090909090909,103.0909090909091,12.2,21.028555722131642,343.0,106.63636363636364,35184.454545454544,140181.9090909091,3845.909090909091,179318.72727272726,1400.6363636363637,21.545454545454547,13638.09090909091,164258.45454545456,179318.72727272726,4.3574335602822325,260.5,-25418.2,-2880.3,28626.1,328.1,-28298.5,0.08730900194536921,0.9479045431803004,0.15693835766943084,36.637647103306705,POOR
BANKBARODA,275.0,67282.61538461539,40927.92307692308,29096.46153846154,-2741.6923076923076,-5.6923076923076925,11544.384615384615,938.9230769230769,7863.615384615385,13.666666666666666,5732.2307692307695,13.153846153846153,10.833333333333334,6.782138789150854,354.5,695.9166666666666,63921.583333333336,882107.3333333334,42498.666666666664,989223.4166666666,6774.333333333333,0.8333333333333334,228060.66666666666,754387.5,989223.4166666666,14.142868675584618,271.5,2183.8333333333335,-1328.5833333333333,2018.25,2873.3333333333335,855.25,0.06453375603899078,0.8309144145968621,0.48686906981503436,42.11485477391652,AVERAGE
BEL,301.0,12344.692307692309,9646.76923076923,2697.846153846154,20.46153846153846,383.84615384615387,10.461538461538462,303.3076923076923,2767.923076923077,25.25,2082.6923076923076,2.8461538461538463,34.583333333333336,16.397807356583666,367.0,8.538461538461538,34.53846153846154,40.84615384615385,29.692307692307693,114.07692307692308,13.384615384615385,0.15384615384615385,0.15384615384615385,100.23076923076923,114.07692307692308,1.66143530422806,283.5,1673.3333333333333,-743.0,-964.3333333333334,-33.75,930.3333333333334,0.07990598733109396,0.980136649256327,0.48771878203514096,47.23190243198779,AVERAGE
BHARTIARTL,288.0,104895.23076923077,60437.46153846154,44457.92307692308,40.53846153846154,-1497.6153846153845,12535.076923076924,25844.76923076923,4580.538461538462,29.5,1944.4615384615386,1.0769230769230769,54.916666666666664,0.8662740913769528,380.0,2367.076923076923,64938.46153846154,139891.3076923077,93927.69230769231,301078.07692307694,210526.3076923077,11336.692307692309,21042.153846153848,58173.07692307692,301078.07692307694,2.0379676248026604,295.5,37385.0,-29653.166666666668,-7132.833333333333,599.0,7731.833333333333,0.05507627112369614,0.9756350032813865,0.5646908264087918,48.4128257356532,AVERAGE
BHEL,314.0,28161.46153846154,26617.076923076922,1544.3846153846155,3.5384615384615383,817.1538461538462,426.7692307692308,624.6923076923077,1310.2307692307693,21.666666666666668,807.0769230769231,2.1538461538461537,36.166666666666664,1.2438768889704184,393.0,619.6923076923077,28613.69230769231,3896.4615384615386,30433.30769230769,63563.38461538462,3274.3076923076924,851.8461538461538,266.3076923076923,59170.92307692308,63563.38461538462,0.14593637361691575,307.5,-80.91666666666667,377.9166666666667,-16.083333333333332,281.0833333333333,297.0,0.055679931441275254,0.998255252330298,0.4805513981585482,46.59139677231639,AVERAGE
BOSCHLTD,327.0,11812.384615384615,10048.0,1764.3846153846155,15.307692307692308,520.7692307692307,15.76923076923077,406.61538461538464,1862.6923076923076,27.0,1366.8461538461538,453.3076923076923,38.25,11.394408869951896,406.0,30.307692307692307,9373.692307692309,69.07692307692308,3891.153846153846,13364.076923076924,1298.0,370.3076923076923,4243.538461538462,7452.692307692308,13364.076923076924,0.009345139595596661,319.5,1110.8333333333333,-235.83333333333334,-860.3333333333334,14.583333333333334,875.0,0.07190723006906023,0.9998882738406584,0.487092579022765,47.48571478866511,AVERAGE
BPCL,340.0,300060.92307692306,283619.6923076923,16441.076923076922,5.538461538461538,2878.076923076923,2192.769230769231,4043.6923076923076,13082.923076923076,28.083333333333332,9413.76923076923,20.923076923076923,48.75,3.2443696819884287,419.0,1753.6153846153845,39864.153846153844,46216.07692307692,51267.53846153846,139101.53846153847,55170.307692307695,14327.0,19968.30769230769,49635.769230769234,139101.53846153847,1.217929005435939,331.5,14809.583333333334,-8593.25,-6067.666666666667,148.75,6216.333333333333,0.05887804894052144,0.9854390050853609,0.5475400312535661,48.34449304778867,AVERAGE
BRITANNIA,353.0,11427.846153846154,9632.461538461539,1795.3846153846155,14.76923076923077,210.76923076923077,66.61538461538461,173.3846153846154,1766.0,28.833333333333332,1273.3076923076924,53.0,61.166666666666664,10.382522057744499,432.0,24.0,2763.846153846154,1172.6923076923076,1967.0,5927.615384615385,1644.076923076923,136.0,1580.6923076923076,2566.5384615384614,5927.615384615385,0.4105674293542727,343.5,1261.6666666666667,-378.4166666666667,-860.8333333333334,22.25,883.25,0.07028956219608841,0.9950914460331748,0.48718594362852585,47.27990417769456,AVERAGE
CANBK,366.0,61435.92307692308,42129.61538461538,27833.846153846152,-8527.615384615385,-14.384615384615385,14269.307692307691,483.53846153846155,5258.307692307692,8.083333333333334,4216.0,5.6923076923076925,9.666666666666666,4.773663804808068,444.5,1010.3333333333334,46763.75,753138.9166666666,38910.916666666664,839824.25,8448.0,0.5833333333333334,216504.08333333334,614871.5,839824.25,15.716221553031241,355.5,6454.333333333333,-830.5,287.3333333333333,5911.0,5623.833333333333,0.061322877691094096,0.8121041365386324,0.5408347550216484,43.04108185445219,AVERAGE
CHOLAFIN,379.0,8779.307692307691,4229.076923076923,2466.923076923077,2083.230769230769,22.923076923076923,67.0,86.3076923076923,2064.230769230769,31.333333333333332,1476.4615384615386,18.076923076923077,10.583333333333334,15.561529565819617,457.0,157.3846153846154,8391.384615384615,58961.0,1507.3846153846155,69017.07692307692,402.15384615384613,11.461538461538462,1350.3846153846155,67253.38461538461,69017.07692307692,6.984810744752756,367.5,-9105.583333333334,-475.9166666666667,9650.333333333334,68.5,-9581.5,0.07856905942702559,0.9164928388435434,0.36875718506656713,41.70026309438434,AVERAGE
CIPLA,392.0,17158.615384615383,132.76923076923077,13492.615384615385,3666.0,21.076923076923077,323.7692307692308,964.5384615384615,2892.5384615384614,24.25,2147.3076923076924,26.615384615384617,16.666666666666668,12.227890991012202,470.0,161.07692307692307,16498.923076923078,2258.153846153846,4212.923076923077,23131.076923076922,8718.846153846154,977.3076923076923,2328.0,11106.923076923076,23131.076923076922,0.16575528716030638,379.5,2411.0,-1842.75,-523.8333333333334,44.416666666666664,568.25,0.07323968863425727,0.9980183065822036,0.48362111322674683,47.3787701396388,AVERAGE
COALINDIA,405.0,97739.30769230769,436.15384615384613,72939.61538461539,24799.69230769231,24.23076923076923,6285.2307692307695,3992.153846153846,26656.384615384617,31.416666666666668,18805.076923076922,30.384615384615383,82.0,18.640942997448892,483.0,6216.846153846154,39075.53846153846,3411.846153846154,106338.61538461539,155043.0,38474.846153846156,10035.846153846154,4492.076923076923,102040.07692307692,155043.0,0.07940610497473223,391.5,17967.916666666668,-4320.333333333333,-13679.166666666666,-31.75,13647.583333333334,0.08349200942088676,0.999050657398282,0.6316389072002974,52.260367314792845,AVERAGE
DABUR,418.0,9087.76923076923,7332.923076923077,1754.6153846153845,19.23076923076923,285.2307692307692,64.76923076923077,212.23076923076923,1763.0,19.666666666666668,1403.4615384615386,7.923076923076923,43.75,15.426283295306536,496.0,176.23076923076923,6001.7692307692305,950.9230769230769,2526.923076923077,9655.76923076923,2378.4615384615386,109.0,3914.6153846153848,3253.6923076923076,9655.76923076923,0.18646569725441903,403.5,1421.0,-674.1666666666666,-747.9166666666666,-1.4166666666666667,746.8333333333334,0.07835284596904901,0.9977707025143847,0.4856421268645808,47.63649872013092,AVERAGE
DIVISLAB,431.0,5386.0,3483.153846153846,1903.0,36.0,151.53846153846155,3.3846153846153846,209.07692307692307,1842.076923076923,23.666666666666668,1401.8461538461538,52.84615384615385,32.25,26.459194044161492,509.0,47.0,7636.153846153846,29.846153846153847,1153.3846153846155,8866.23076923077,2727.076923076923,491.6923076923077,707.6153846153846,4939.923076923077,8866.23076923077,0.005899642339662531,415.5,1214.6666666666667,-747.4166666666666,-435.4166666666667,31.666666666666668,467.25,0.09599077251228984,0.9999294666095293,0.48247810411379544,48.31185802219133,AVERAGE
DLF,444.0,7175.153846153846,4854.307692307692,2320.846153846154,31.692307692307693,1406.5384615384614,1676.3846153846155,388.9230769230769,1662.1538461538462,34.666666666666664,1486.3846153846155,7.0,40.0,22.176538356856888,522.0,425.6923076923077,31998.923076923078,15079.692307692309,12722.615384615385,60226.92307692308,9899.692307692309,1719.6923076923076,14293.384615384615,34314.153846153844,60226.92307692308,0.532218285557715,427.5,1620.6666666666667,742.25,-2324.9166666666665,38.0,2362.9166666666665,0.08914424142524097,0.9936370447580317,0.5039312157486285,48.492817472209445,AVERAGE
DMART,457.0,23139.76923076923,21276.0,1863.6153846153845,7.769230769230769,77.6923076923077,65.0,328.61538461538464,1547.7692307692307,31.0,1115.3846153846155,17.53846153846154,0.0,4.389540920809787,535.0,613.9230769230769,7879.923076923077,709.2307692307693,854.3846153846154,10057.615384615385,5970.076923076923,496.0,46.69230769230769,3545.0,10057.615384615385,0.2846018688317441,439.5,1031.25,-1368.4166666666667,361.0833333333333,24.166666666666668,-337.1666666666667,0.06070879394059855,0.9965974319141266,0.4733745835136968,46.52751222045865,AVERAGE
DRREDDY,470.0,18598.76923076923,14456.76923076923,4142.076923076923,21.46153846153846,452.38461538461536,118.92307692307692,1079.2307692307693,3397.6923076923076,22.5,2603.0,30.846153846153847,19.5,13.28461914370613,548.0,83.61538461538461,16089.846153846154,3575.3846153846152,5771.461538461538,25520.615384615383,7830.692307692308,1609.7692307692307,2725.0,13355.23076923077,25520.615384615383,0.2850898224337605,451.5,2979.0,-2051.75,-925.8333333333334,1.5,927.25,0.07492904278183111,0.996591598166933,0.48768388819258385,47.52542630205875,AVERAGE
EICHERMOT,483.0,10011.307692307691,7676.615384615385,2334.6923076923076,22.53846153846154,617.0,17.384615384615383,332.0,2633.5384615384614,25.916666666666668,1915.6923076923076,69.15384615384616,23.583333333333332,17.99531435863411,561.0,27.0,8997.076923076924,178.84615384615384,3020.6153846153848,12223.846153846154,2025.076923076923,386.61538461538464,6102.538461538462,3709.6153846153848,12223.846153846154,0.02023935882915579,463.5,1745.5,-1472.8333333333333,-336.8333333333333,-64.41666666666667,272.6666666666667,0.08245986561361364,0.9997580276028639,0.4802760197253949,47.69941604439231,AVERAGE
GAIL,496.0,80171.07692307692,70988.76923076923,9182.23076923077,11.846153846153847,1971.5384615384614,465.38461538461536,2143.230769230769,8545.384615384615,27.25,6455.461538461538,9.692307692307692,36.666666666666664,8.18064085366812,574.0,3414.4615384615386,46659.38461538462,12172.923076923076,19103.384615384617,81350.23076923077,37882.38461538462,13944.0,11351.615384615385,18172.23076923077,81350.23076923077,0.2662558136175538,475.5,7059.833333333333,-4967.333333333333,-1994.1666666666667,98.41666666666667,2092.5,0.06676949212405664,0.9968167688504219,0.5008709314486887,47.601410693935584,AVERAGE
GODREJCP,509.0,10378.23076923077,8325.76923076923,2052.3846153846152,19.615384615384617,-251.6153846153846,179.76923076923077,162.92307692307693,1458.1538461538462,23.833333333333332,1111.076923076923,10.846153846153847,24.636363636363637,11.528155532465101,587.0,73.23076923076923,7768.923076923077,2819.3076923076924,2856.5384615384614,13518.153846153846,8030.307692307692,105.15384615384616,1192.0,4190.538461538462,13518.153846153846,0.45446759814902526,487.5,1534.3333333333333,-1033.25,-515.75,-14.916666666666666,501.0833333333333,0.07212104615644736,0.9945665959542958,0.4828609933050977,47.207669524039694,AVERAGE
GRASIM,522.0,70592.38461538461,56495.46153846154,14097.076923076924,19.46153846153846,1402.3846153846155,4306.692307692308,3184.3846153846152,8008.153846153846,26.0,5998.2307692307695,62.30769230769231,11.333333333333334,9.073992609580513,600.0,116.92307692307692,53479.07692307692,64722.153846153844,90552.15384615384,208870.23076923078,66909.92307692308,6104.0,58819.53846153846,77036.46153846153,208870.23076923078,1.0056679949601588,499.5,2922.5833333333335,-6288.416666666667,3557.5,191.91666666666666,-3365.8333333333335,0.06819766216972599,0.9879766993847159,0.4390993993543696,45.540189448961605,AVERAGE
HAL,535.0,21218.30769230769,16568.615384615383,4649.615384615385,20.153846153846153,1462.3076923076924,84.0,1012.4615384615385,5015.615384615385,24.666666666666668,3851.5384615384614,61.53846153846154,32.0,17.283184440289343,611.5,5.0,148.4,34.5,56.2,244.5,96.5,5.9,25.8,116.0,244.5,0.18655166776908788,509.5,4381.5,-2319.0,-1572.875,489.5,2062.5,0.08132140854866252,0.9977696746907421,0.5005314237913764,48.20188929641005,AVERAGE
HAVELLS,548.0,11198.461538461539,9969.307692307691,1229.2307692307693,11.153846153846153,208.23076923076923,66.07692307692308,204.23076923076923,1167.2307692307693,25.083333333333332,874.8461538461538,14.0,35.0,8.128575302421583,649.0,62.61538461538461,4284.7692307692305,390.61538461538464,3013.769230769231,7751.538461538462,2696.846153846154,94.15384615384616,101.84615384615384,4859.0,7751.538461538462,0.15728831542547878,519.5,923.5833333333334,-480.3333333333333,-439.6666666666667,3.5833333333333335,443.25,0.06668625675768562,0.9981195337734626,0.4822064979879456,47.077231223149674,AVERAGE
HCLTECH,561.0,64808.38461538462,49864.07692307692,14944.23076923077,23.0,1087.3846153846155,278.2307692307692,2402.153846153846,13351.307692307691,21.666666666666668,10334.538461538461,37.61538461538461,42.583333333333336,16.629068023304896,636.0,379.53846153846155,43517.92307692308,3590.0,16271.692307692309,63759.307692307695,23302.923076923078,334.7692307692308,3828.153846153846,36293.38461538462,63759.307692307695,0.07283241582827268,531.5,11411.583333333334,-3955.1666666666665,-6723.833333333333,732.4166666666666,7456.416666666667,0.0802756956288243,0.9991292493800845,0.5615739574992997,50.032124031534494,AVERAGE
HDFCBANK,574.0,125082.0,63932.46153846154,57563.230769230766,3586.3846153846152,9.461538461538462,36334.153846153844,1201.8461538461538,38718.53846153846,29.75,28968.153846153848,47.61538461538461,17.916666666666668,22.500597371760236,661.5,542.6666666666666,162179.25,1212863.3333333333,93822.08333333333,1469407.0833333333,5213.25,0.0,342246.5833333333,1121947.25,1469407.0833333333,7.94284957789571,543.5,-2683.1666666666665,100.16666666666667,19887.916666666668,17304.75,-2583.0,0.08966230317980863,0.9050389704200483,0.4479586630565686,44.17642113149085,AVERAGE
HDFCLIFE,587.0,47603.0,4.153846153846154,46779.307692307695,823.6923076923077,2.6153846153846154,389.9230769230769,46.38461538461539,1162.7692307692307,5.666666666666667,1132.3846153846155,5.384615384615385,20.333333333333332,2.9182051249641954,674.0,2047.076923076923,5445.692307692308,311.53846153846155,146485.61538461538,154290.0,982.5384615384615,14.538461538461538,148237.61538461538,5055.0,154290.0,0.02358809902097877,555.5,7362.1,-6848.3,91.1,604.8,513.8,0.05835662112978716,0.9997179916166233,0.48300490682872504,46.815951798551936,AVERAGE
HEROMOTOCO,599.5,31509.833333333332,44.083333333333336,27116.666666666668,4393.333333333333,14.0,669.0,691.5,4326.333333333333,26.90909090909091,3159.25,158.0,59.63636363636363,10.015027068769642,686.5,40.0,12913.333333333334,401.75,5767.083333333333,19122.0,5126.75,518.5,8305.416666666666,5171.166666666667,19122.0,0.030580083133965052,567.0,3381.4545454545455,-1272.3636363636363,-2063.909090909091,45.18181818181818,2109.090909090909,0.06970206087679963,0.9996343986939998,0.5010586894712932,47.808875080030774,AVERAGE
HINDALCO,612.0,140402.3076923077,3868.5384615384614,124360.07692307692,16042.23076923077,11.076923076923077,996.7692307692307,5270.7692307692305,7899.615384615385,39.75,5533.7692307692305,25.307692307692307,2.0833333333333335,3.4481268193890466,699.0,216.23076923076923,63818.61538461538,61825.38461538462,48937.153846153844,174797.3076923077,87885.53846153847,11612.923076923076,13692.076923076924,61606.61538461538,174797.3076923077,1.1236078059402814,578.5,12950.416666666666,-7757.833333333333,-4434.666666666667,757.9166666666666,5192.583333333333,0.05920378831283586,0.9865666656469116,0.5359543324477842,48.04378147535431,AVERAGE
HINDUNILVR,625.0,42523.61538461538,108.07692307692308,33222.307692307695,9301.307692307691,21.23076923076923,651.3846153846154,737.4615384615385,9107.307692307691,27.083333333333332,6686.7692307692305,29.53846153846154,87.58333333333333,15.343146086484357,712.0,223.30769230769232,22557.923076923078,466.46153846153845,15136.538461538461,38384.307692307695,22597.076923076922,649.9230769230769,3030.6153846153848,12106.538461538461,38384.307692307695,0.01692129741031845,590.5,6935.333333333333,-933.5833333333334,-6011.833333333333,-10.25,6001.75,0.0782199374360612,0.9997976968079083,0.5451116084269573,49.47607665448841,AVERAGE
ICICIBANK,638.0,87249.69230769231,44010.230769230766,72814.61538461539,-29575.30769230769,-39.23076923076923,57542.53846153846,1004.3076923076923,26962.69230769231,25.333333333333332,20299.23076923077,27.846153846153847,16.333333333333332,21.568470432419442,724.5,1270.1666666666667,130960.33333333333,927452.9166666666,235526.16666666666,1295209.4166666667,9394.666666666666,0.0,431023.1666666667,854791.6666666666,1295209.4166666667,7.113696999986769,602.5,48793.75,-41641.0,3028.0833333333335,10181.0,7152.75,0.0881721446115654,0.9149519344897977,0.5581373855458387,47.7195653855317,AVERAGE
ICICIGI,651.0,11199.538461538461,12.153846153846153,10082.153846153846,1117.6923076923076,7.230769230769231,452.84615384615387,69.61538461538461,1488.8461538461538,21.25,1129.3846153846155,23.923076923076923,19.833333333333332,10.340543264438672,737.0,462.6923076923077,5954.923076923077,211.53846153846155,28586.46153846154,35215.61538461538,722.9230769230769,20.615384615384617,25456.384615384617,9015.692307692309,35215.61538461538,0.038291972258577174,614.5,1641.5833333333333,-1397.4166666666667,-228.41666666666666,15.666666666666666,244.16666666666666,0.07022245217502901,0.9995421989205938,0.47995348745094824,47.19376867814742,AVERAGE
ICICIPRULI,664.0,46265.692307692305,8.0,45979.230769230766,286.6923076923077,2.0,1185.6153846153845,51.69230769230769,1412.923076923077,12.083333333333334,1248.1538461538462,8.76923076923077,38.333333333333336,3.843261920672158,750.0,1435.5384615384614,6020.7692307692305,448.38461538461536,168287.53846153847,176284.46153846153,464.9230769230769,25.0,171450.46153846153,4343.7692307692305,176284.46153846153,0.05261952604250482,626.5,2570.5,-1523.75,-563.0833333333334,483.5833333333333,1046.75,0.05983547690796121,0.9993709053256011,0.48903626036087783,47.04563404691282,AVERAGE
INDIGO,1368.0,30510.53846153846,1269.923076923077,26292.0,4218.692307692308,10.846153846153847,1133.923076923077,2767.3846153846152,991.7692307692307,1.6666666666666667,1215.076923076923,6445.307692307692,38.916666666666664,2.219071590600798,763.0,27.50769230769231,320.9230769230769,28.923076923076923,153.0,530.1538461538462,189.30769230769232,30.307692307692307,70.61538461538461,239.76923076923077,530.1538461538462,0.6274125331532372,638.5,5079.5,-2700.6666666666665,-2342.9166666666665,35.916666666666664,2378.8333333333335,0.057238940927008604,0.9924989464378877,0.5041113434223693,47.187866332888056,AVERAGE
INDUSINDBK,703.0,23882.615384615383,13444.923076923076,10081.538461538461,356.0769230769231,1.6923076923076923,5506.615384615385,214.53846153846155,5648.384615384615,30.416666666666668,4050.076923076923,58.23076923076923,12.333333333333334,17.089880148592542,775.5,647.5,29300.416666666668,221825.83333333334,9714.0,261487.91666666666,1455.5,64.25,52873.583333333336,207094.41666666666,261487.91666666666,7.686689663097972,650.5,-377.8333333333333,-261.1666666666667,3244.0,2605.25,-639.0,0.08101237977329649,0.9081014996808316,0.46995875925040487,44.582302958868944,AVERAGE
INFY,716.0,92404.23076923077,68878.61538461539,23525.615384615383,26.153846153846153,3128.5384615384614,136.07692307692307,2591.0,23927.076923076922,26.5,17537.615384615383,40.61538461538461,50.09090909090909,19.87940983243869,788.0,1480.4615384615386,65057.53846153846,3145.6923076923076,23371.46153846154,93055.15384615384,18966.923076923078,890.3076923076923,11944.0,61253.92307692308,93055.15384615384,0.03964764843649459,662.5,15579.833333333334,-3040.5833333333335,-13023.0,-483.75,12539.25,0.08547190281067577,0.9995259910843042,0.61909598541626,51.97753540744395,AVERAGE
IOC,729.0,528256.3846153846,496120.6923076923,32135.69230769231,6.3076923076923075,4006.6923076923076,5555.538461538462,9623.076923076924,20963.69230769231,19.333333333333332,15350.076923076924,10.538461538461538,4.416666666666667,3.045960488404651,801.0,7839.384615384615,104735.69230769231,104398.69230769231,122207.0,339180.6153846154,133234.6923076923,37782.53846153846,41050.38461538462,127113.0,339180.6153846154,0.9655921404316063,674.5,29884.583333333332,-20159.083333333332,-9632.916666666666,92.75,9725.5,0.05856085913797568,0.9884558277340578,0.587252996390845,49.613699089266106,AVERAGE
IRCTC,741.0,2224.3636363636365,1558.4545454545455,665.9090909090909,26.727272727272727,111.36363636363636,8.0,38.0,731.1818181818181,32.0,523.2727272727273,10.545454545454545,44.3,21.461523777407127,813.0,112.72727272727273,1493.6363636363637,33.63636363636363,1777.909090909091,3417.818181818182,254.0909090909091,100.36363636363636,1.3636363636363635,3062.090909090909,3417.818181818182,0.015891253503146564,685.5,409.3,-147.7,-184.3,77.0,261.6,0.0880011727539939,0.9998100115356365,0.4801507791229197,47.91887062991644,AVERAGE
IRFC,753.0,14030.846153846154,72.15384615384616,13958.615384615385,99.61538461538461,5.153846153846154,10319.076923076924,3.6153846153846154,3640.846153846154,27.833333333333332,3145.230769230769,77.3076923076923,23.916666666666668,19.37306388271311,825.0,8728.538461538461,17245.53846153846,221678.76923076922,15748.076923076924,263400.6923076923,18.615384615384617,0.3076923076923077,18.0,263363.8461538461,263400.6923076923,8.573979646907306,695.0,-38150.11111111111,-0.5555555555555556,38157.666666666664,7.111111111111111,-38150.666666666664,0.08466242534185331,0.8974934717215718,0.04544215685442389,31.674565870954,POOR
ITC,766.0,50438.46153846154,32037.076923076922,18401.615384615383,36.46153846153846,1928.4615384615386,73.23076923076923,1407.923076923077,18848.76923076923,29.416666666666668,13563.615384615385,10.615384615384615,71.83333333333333,26.582385776496892,838.0,1099.0,51968.53846153846,192.46153846153845,13323.307692307691,66583.23076923077,19974.46153846154,3196.6923076923076,20303.53846153846,23108.46153846154,66583.23076923077,0.003914013418237162,705.5,12459.75,-3256.9166666666665,-9170.75,31.916666666666668,9202.833333333334,0.09618771480386887,0.9999532058689592,0.5813380185390044,51.286245324393654,AVERAGE
JINDALSTEL,779.0,35159.307692307695,27148.076923076922,8011.2307692307695,23.53846153846154,-377.61538461538464,2539.6923076923076,3072.5384615384614,2021.2307692307693,8.666666666666666,1488.6923076923076,13.76923076923077,2.1666666666666665,2.5808707000653994,1042.0,96.76923076923077,32195.615384615383,31436.53846153846,16103.846153846154,79832.84615384616,52307.38461538462,8764.384615384615,645.2307692307693,18115.923076923078,79832.84615384616,1.0833118292950388,717.5,7283.0,-4470.833333333333,-2457.1666666666665,355.0833333333333,2812.1666666666665,0.05781733644396761,0.9870484256742966,0.50901534291688,47.194606515493994,AVERAGE
JIOFIN,787.0,1289.3333333333333,246.33333333333334,1043.0,83.33333333333333,291.3333333333333,3.3333333333333335,14.666666666666666,1316.3333333333333,27.5,1081.0,3.0,0.0,79.02276800171416,1034.0,4236.0,125901.0,247.66666666666666,4286.333333333333,134671.66666666666,167.0,13.666666666666666,126290.66666666667,8200.333333333334,134671.66666666666,0.002170230167075567,724.5,688.5,165.5,-821.0,33.5,854.0,0.1800223102830219,0.999974053733604,0.4868549236626464,51.805761733208385,AVERAGE
JSWENERGY,795.0,9133.461538461539,5588.384615384615,3545.3076923076924,38.69230769230769,309.61538461538464,1295.4615384615386,1126.6923076923076,1432.6923076923076,27.583333333333332,1131.6153846153845,6.846153846153846,23.166666666666668,12.113250757322906,1026.0,1646.6923076923076,11760.846153846154,15081.307692307691,3925.5384615384614,32414.23076923077,19227.846153846152,2463.846153846154,3585.923076923077,7137.0,32414.23076923077,1.171034976970551,731.5,3188.0,-1927.0,-986.1666666666666,274.75,1261.0,0.07305641732292889,0.9859996483633876,0.49146091088018307,47.24607347022428,AVERAGE
JSWSTEEL,808.0,92847.53846153847,76091.30769230769,16756.23076923077,18.53846153846154,103.76923076923077,4620.923076923077,4816.384615384615,7422.461538461538,20.333333333333332,5294.615384615385,22.076923076923077,18.5,5.230496740274183,1013.0,300.7692307692308,41131.92307692308,56029.230769230766,36823.692307692305,134285.61538461538,71337.69230769231,16238.076923076924,3577.5384615384614,43132.307692307695,134285.61538461538,1.4797434435200776,743.5,12613.0,-9210.5,-2792.75,609.6666666666666,3402.5,0.06205320044469026,0.9823088729639424,0.5156960991513252,47.42227718124563,AVERAGE
KOTAKBANK,821.0,30485.153846153848,13404.923076923076,23139.076923076922,-6058.923076923077,-18.923076923076923,18513.46153846154,382.2307692307692,12072.23076923077,29.166666666666668,8939.615384615385,46.46153846153846,1.9166666666666667,26.827545811534783,1000.5,817.9166666666666,59687.0,263398.5833333333,50512.916666666664,374416.75,2213.8333333333335,0.0,111078.58333333333,261124.41666666666,374416.75,4.653248685340162,755.5,8181.333333333333,-7126.25,4080.6666666666665,5135.833333333333,1055.0833333333333,0.09657964353308346,0.9443679145981606,0.48913056804346455,46.868140220572094,AVERAGE
LICI,831.0,734395.8571428572,720840.7142857143,13554.857142857143,1.5714285714285714,12061.714285714286,29.285714285714285,357.14285714285717,25230.14285714286,52.666666666666664,18688.14285714286,48.75,7.833333333333333,2.2776605512001367,991.0,3657.1428571428573,31578.714285714286,74690.0,4264978.0,4374903.571428572,19177.14285714286,360.7142857142857,3993280.5714285714,362085.14285714284,4374903.571428572,83.64325463855985,764.5,37516.833333333336,8680.333333333334,-48977.5,-2780.5,46197.166666666664,0.057332605038576186,0.0,1.0,32.29330420154305,POOR
LODHA,841.0,8431.307692307691,6482.846153846154,1948.3846153846155,23.23076923076923,129.69230769230768,596.3846153846154,209.92307692307693,1271.5384615384614,22.666666666666668,901.6153846153846,12.384615384615385,3.090909090909091,10.33925888316905,981.0,390.9230769230769,6665.692307692308,13298.692307692309,14551.0,34913.92307692308,1722.3846153846155,45.23076923076923,1049.5384615384614,32088.615384615383,34913.92307692308,3.3856815516995065,781.0,1738.3333333333333,-252.33333333333334,-1320.888888888889,165.33333333333334,1486.0,0.07022039887984674,0.9595223599759508,0.4940072183100252,46.41470330377315,AVERAGE
LT,854.0,138310.23076923078,117047.15384615384,21263.076923076922,15.76923076923077,2796.6153846153848,8428.153846153846,2574.6923076923076,13056.846153846154,27.583333333333332,9454.076923076924,59.76923076923077,31.25,6.711370689294926,968.0,20.846153846153847,7954.384615384615,655.6153846153846,2708.3076923076924,11338.923076923076,2017.7692307692307,218.69230769230768,3090.230769230769,6012.461538461538,11338.923076923076,0.0753339000387082,791.5,5478.333333333333,-5196.166666666667,529.9166666666666,812.0,282.1666666666667,0.06442062156566122,0.9990993427938183,0.48038353048354376,46.96131106094731,AVERAGE
LTIM,867.0,15233.461538461539,12365.538461538461,2867.846153846154,19.46153846153846,385.6923076923077,79.61538461538461,367.53846153846155,2806.846153846154,22.5,2133.769230769231,143.07692307692307,44.083333333333336,14.929051158351529,955.0,20.846153846153847,7954.384615384615,655.6153846153846,2708.3076923076924,11338.923076923076,2017.7692307692307,218.69230769230768,3090.230769230769,6012.461538461538,11338.923076923076,0.0753339000387082,803.5,1850.4166666666667,-873.4166666666666,-899.5,77.33333333333333,977.0,0.07755793843229934,0.9990993427938183,0.48824690505762675,47.722704972835324,AVERAGE
M&M,880.0,93587.84615384616,79277.07692307692,14310.615384615385,14.76923076923077,2215.153846153846,4857.615384615385,3326.230769230769,8342.153846153846,37.083333333333336,6103.153846153846,45.53846153846154,37.416666666666664,6.029855568593684,942.0,453.15384615384613,39845.692307692305,67454.61538461539,43608.0,151361.38461538462,24627.53846153846,4655.153846153846,20618.384615384617,101460.07692307692,151361.38461538462,1.652799680092003,815.5,982.3333333333334,-6674.583333333333,5835.0,143.0,-5692.25,0.06333110730141468,0.9802398927775575,0.4127715236066276,44.32358678358214,AVERAGE
MARUTI,893.0,82387.76923076923,72448.30769230769,9939.538461538461,12.153846153846153,2384.769230769231,170.30769230769232,3269.076923076923,8885.076923076924,23.166666666666668,6722.538461538462,219.76923076923077,27.333333333333332,7.930660125108535,929.0,152.3846153846154,48216.307692307695,608.5384615384615,17110.384615384617,66087.61538461539,16756.615384615383,2963.3076923076924,33959.07692307692,12408.615384615385,66087.61538461539,0.020886948345230676,827.5,7872.0,-5802.0,-1944.9166666666667,125.16666666666667,2070.0,0.06636985672158434,0.9997502853226421,0.5006163007057044,47.66579184971377,AVERAGE
MOTHERSON,906.0,58348.153846153844,53371.0,4977.0,8.384615384615385,367.0769230769231,670.5384615384615,2158.0,2515.4615384615386,28.0,1846.3846153846155,2.6153846153846154,29.833333333333332,3.2306342395420975,916.0,321.3076923076923,12581.692307692309,11656.0,19182.53846153846,43741.53846153846,16752.615384615383,1437.0,2342.5384615384614,23209.46153846154,43741.53846153846,1.1547812597696396,839.5,3934.4166666666665,-2930.8333333333335,-467.0,536.4166666666666,1003.5833333333334,0.058856090571563144,0.9861939702757898,0.4885477465650785,46.59649512808858,AVERAGE
NAUKRI,919.0,1316.8461538461538,1122.1538461538462,194.53846153846155,12.23076923076923,1375.923076923077,10.76923076923077,48.69230769230769,1513.1538461538462,49.916666666666664,1263.076923076923,97.84615384615384,-15.666666666666666,84.36008246645878,903.0,122.38461538461539,9162.153846153846,63.30769230769231,1918.8461538461538,11266.615384615385,394.0769230769231,3.0,8758.384615384615,2111.3076923076924,11266.615384615385,0.006088587192096385,851.5,297.8333333333333,-500.75,231.33333333333334,28.5,-202.91666666666666,0.18855488728017675,0.9999272076724129,0.4748938802801693,51.78682812978453,AVERAGE
NESTLEIND,932.0,13710.538461538461,10594.307692307691,3116.3846153846152,22.307692307692307,102.23076923076923,105.84615384615384,384.61538461538464,2727.923076923077,29.384615384615383,1962.4615384615386,20.384615384615383,79.16666666666667,13.63283419497848,890.0,96.0,2713.846153846154,245.30769230769232,4896.384615384615,7952.076923076923,2936.846153846154,537.2307692307693,1244.3076923076924,3233.6153846153848,7952.076923076923,0.09768060625158467,863.5,2263.5833333333335,-497.1666666666667,-1747.0833333333333,19.416666666666668,1766.4166666666667,0.07548572194251678,0.9988321759277101,0.4971806718290692,47.89981431040404,AVERAGE
NHPC,945.0,8802.692307692309,3936.153846153846,4866.615384615385,55.61538461538461,1358.6923076923076,851.0769230769231,1396.0,3977.846153846154,18.384615384615383,3168.846153846154,2.769230769230769,49.25,35.89022110833812,877.0,10488.23076923077,22239.69230769231,23659.53846153846,15673.307692307691,72060.84615384616,23474.76923076923,22627.76923076923,1144.3846153846155,24814.0,72060.84615384616,0.7159168449276448,875.5,4820.583333333333,-2144.5833333333335,-2645.5,30.083333333333332,2676.0,0.11106782392435964,0.9914408298909305,0.5074743553834127,49.41016851520468,AVERAGE
NTPC,958.0,112913.61538461539,82296.38461538461,30617.30769230769,26.615384615384617,4130.923076923077,6892.7692307692305,9743.615384615385,18111.615384615383,18.0,14218.615384615385,14.384615384615385,36.25,13.014694966635913,864.0,9057.307692307691,107169.92307692308,161260.15384615384,54159.46153846154,331646.6153846154,161474.3076923077,83942.69230769231,9081.692307692309,77148.0,331646.6153846154,1.3438234985976563,887.5,26386.25,-22379.416666666668,-4306.75,-300.25,4006.8333333333335,0.07449752448935301,0.983933868852849,0.522535292292516,48.173975813935066,AVERAGE
ONGC,971.0,363238.76923076925,301371.3846153846,61867.230769230766,19.615384615384617,7604.615384615385,5469.538461538462,22569.153846153848,41425.307692307695,30.23076923076923,29611.384615384617,21.692307692307693,38.166666666666664,9.181464522677022,851.0,5690.461538461538,223068.6923076923,102702.69230769231,158384.0,489845.6923076923,225469.38461538462,80647.23076923077,55451.846153846156,128277.0,489845.6923076923,0.42995522666264857,899.5,59897.25,-48858.5,-12156.5,-1117.75,11038.75,0.06836947373893085,0.9948596545110472,0.6021149440896904,50.644016907579356,AVERAGE
PFC,984.0,53794.769230769234,3516.3076923076924,16850.30769230769,31.0,54.30769230769231,33428.230769230766,27.153846153846153,16877.384615384617,28.0,12739.23076923077,30.46153846153846,25.666666666666668,22.590178031792203,1055.0,2335.3846153846152,53098.07692307692,485466.1538461539,39892.38461538462,580792.0769230769,362.0769230769231,98.0,4453.384615384615,575878.4615384615,580792.0769230769,8.379947640994466,911.5,-40571.416666666664,-1594.6666666666667,41895.916666666664,-269.6666666666667,-42166.083333333336,0.08980551263172074,0.8998132284879876,0.0,30.58661735990846,POOR
PIDILITIND,997.0,7579.2307692307695,6047.461538461538,1531.6923076923076,19.846153846153847,87.38461538461539,29.076923076923077,179.3846153846154,1410.923076923077,27.166666666666668,1032.0,20.153846153846153,34.666666666666664,13.490889863838278,1068.0,51.0,4602.153846153846,216.76923076923077,1946.4615384615386,6816.384615384615,2642.076923076923,278.2307692307692,1053.076923076923,2843.0,6816.384615384615,0.0437722506059494,923.5,1055.75,-611.1666666666666,-418.1666666666667,26.166666666666668,444.5833333333333,0.07525880053049139,0.9994766792517209,0.4822215872171595,47.46130001528607,AVERAGE
PNB,1010.0,66277.23076923077,30636.0,,,9472.538461538461,42427.46153846154,569.0769230769231,2117.153846153846,16.75,1725.076923076923,1.4615384615384615,8.5,1.0493965349450076,1104.5,148.41666666666666,6298.25,42430.0,2178.75,51055.083333333336,123.83333333333333,6.166666666666667,2488.8333333333335,48436.166666666664,51055.083333333336,8.136311238131178,935.5,4558.416666666667,-647.5833333333334,4362.833333333333,8273.416666666666,3910.8333333333335,0.055369022536409906,0.9027260324423063,0.5214488677891168,44.94000790839909,AVERAGE
POWERGRID,1023.0,31830.923076923078,4561.7692307692305,27269.30769230769,85.46153846153847,1645.923076923077,6940.461538461538,9411.307692307691,12563.384615384615,19.5,10167.615384615385,11.0,41.916666666666664,31.3078390919758,1147.5,6079.846153846154,53920.38461538462,119690.30769230769,34543.307692307695,214233.53846153847,146439.07692307694,32830.38461538462,1815.3846153846155,33148.846153846156,214233.53846153847,2.1311690601270614,947.5,24086.333333333332,-16852.0,-7178.333333333333,55.5,7234.333333333333,0.10374213089216915,0.9745207301014733,0.559060657758363,50.157126871481864,AVERAGE
RECLTD,1036.0,30092.153846153848,1920.6153846153845,28171.46153846154,93.23076923076923,31.307692307692307,18073.923076923078,15.76923076923077,10113.0,25.666666666666668,7669.0,29.23076923076923,30.333333333333332,25.084538358088384,1167.0,1822.8461538461538,38527.769230769234,263817.23076923075,18344.615384615383,322512.46153846156,316.6923076923077,100.53846153846153,2782.5384615384614,319312.6923076923,322512.46153846156,6.4680990281834125,959.5,-25681.333333333332,-166.16666666666666,25410.083333333332,-437.25,-25847.5,0.09379315879410381,0.92267040473098,0.18467613327184476,36.9721224918489,POOR
RELIANCE,1049.0,554806.2307692308,470977.53846153844,83828.69230769231,14.307692307692308,12405.153846153846,12851.23076923077,24442.23076923077,58940.38461538462,22.0,45938.307692307695,31.692307692307693,10.416666666666666,8.271148846449119,1180.0,5109.307692307692,458948.6153846154,276570.0,303075.3846153846,1043703.3076923077,445562.1538461539,189767.07692307694,185150.92307692306,223223.15384615384,1043703.3076923077,0.6599374219724088,971.5,68529.25,-80090.75,16028.166666666666,4466.666666666667,-11561.5,0.0669141840702335,0.9921100939361561,0.34634967968395614,42.830360571412704,AVERAGE
SBILIFE,1062.0,56574.0,55731.230769230766,834.9230769230769,2.3846153846153846,719.3846153846154,4.3076923076923075,56.69230769230769,1493.3846153846155,13.833333333333334,1296.8461538461538,12.923076923076923,13.166666666666666,2.9265012187858535,1193.0,1000.3076923076923,7421.7692307692305,0.0,181557.76923076922,189980.0,572.3076923076923,24.384615384615383,182308.0,7075.461538461538,189980.0,0.0,983.5,13748.75,-13252.916666666666,-170.91666666666666,324.5833333333333,495.8333333333333,0.05836988380332391,1.0,0.482801579465068,46.818842736084996,AVERAGE
SHREECEM,1088.0,11807.76923076923,8980.153846153846,2827.769230769231,24.615384615384617,368.6923076923077,198.92307692307693,1281.923076923077,1719.076923076923,12.916666666666666,1391.0,390.9230769230769,17.25,12.748575234616455,1219.0,35.46153846153846,11748.153846153846,1950.2307692307693,3194.923076923077,16928.846153846152,5291.461538461538,1206.4615384615386,5228.7692307692305,5201.7692307692305,16928.846153846152,0.19576987870008106,1007.5,2369.8333333333335,-2027.4166666666667,-322.75,19.833333333333332,342.4166666666667,0.07407208822942918,0.9976594660317076,0.48106537502864594,47.32462876098778,AVERAGE
SHRIRAMFIN,1101.0,18072.615384615383,5155.692307692308,4510.923076923077,23.76923076923077,157.76923076923077,8406.23076923077,190.92307692307693,4477.846153846154,30.416666666666668,3233.0,20.692307692307693,15.0,16.464085594678536,1266.0,266.61538461538464,21816.46153846154,98097.76923076923,5001.384615384615,125182.15384615384,994.5384615384615,5.076923076923077,4612.615384615385,119569.84615384616,125182.15384615384,4.728892253222957,1019.5,-9431.166666666666,373.1666666666667,9254.0,196.0,-9058.0,0.08001194402027084,0.9434635551467061,0.37468159368666654,42.74483222581201,AVERAGE
SIEMENS,1113.5,13504.416666666666,12080.333333333334,1424.0,10.0,785.25,24.916666666666668,245.58333333333334,1939.0833333333333,28.666666666666668,1398.0833333333333,40.63636363636363,26.5,10.368966922992382,1278.5,70.75,8682.75,57.5,6753.0,15564.25,1902.3333333333333,82.66666666666667,19.833333333333332,13559.333333333334,15564.25,0.0046802425610069165,1031.5,819.5,-127.0,-452.5,239.83333333333334,692.5,0.07026789207870199,0.9999440451883271,0.4850272407741152,47.35985426202135,AVERAGE
SUNPHARMA,1126.0,32146.46153846154,23346.23076923077,8800.23076923077,28.846153846153847,-405.9230769230769,298.61538461538464,1647.1538461538462,6448.461538461538,16.5,5473.153846153846,21.692307692307693,27.083333333333332,17.706724106209673,1316.0,224.53846153846155,41084.307692307695,5942.384615384615,14543.76923076923,61794.846153846156,18618.615384615383,2142.076923076923,8167.692307692308,32866.46153846154,61794.846153846156,0.1586798326222038,1043.5,5967.25,-2746.5833333333335,-2584.25,636.1666666666666,3220.6666666666665,0.08199850652268781,0.9981028974385574,0.5136383055172824,48.6321763495827,AVERAGE
TATACONSUM,1139.0,9962.76923076923,8710.0,1252.8461538461538,11.846153846153847,43.61538461538461,96.6923076923077,215.69230769230768,983.8461538461538,34.75,674.5384615384615,7.461538461538462,-44.5,6.3367857890892765,1407.0,77.0,10537.153846153846,1628.076923076923,3937.0,16179.076923076924,9530.846153846154,153.23076923076923,1015.3076923076923,5479.846153846154,16179.076923076924,0.1704087552869626,1055.5,840.6666666666666,-408.5,-342.3333333333333,89.5,432.1666666666667,0.06382178585453938,0.997962671873263,0.4820810687701052,46.954183653482616,AVERAGE
TATAMOTORS,1152.0,294945.07692307694,260357.23076923078,34587.61538461538,11.76923076923077,-801.6923076923077,6649.384615384615,20026.69230769231,7109.923076923077,22.5,5333.461538461538,16.46153846153846,4.25,1.4664940279287455,1472.0,704.7692307692307,64396.230769230766,99411.46153846153,133825.23076923078,298337.76923076925,112666.15384615384,26479.076923076922,20655.153846153848,138537.46153846153,298337.76923076925,1.6694309897823227,1067.5,31492.666666666668,-25908.666666666668,-3371.4166666666665,2212.5,5584.0,0.05603582163504129,0.980041056544293,0.5403839642988837,47.85418349069695,AVERAGE
TATAPOWER,1165.0,38538.53846153846,32228.384615384617,6310.153846153846,16.076923076923077,3076.4615384615386,3863.846153846154,2688.6923076923076,2834.230769230769,42.0,1930.6923076923076,5.384615384615385,4.333333333333333,4.740954838684893,1459.0,284.15384615384613,19543.53846153846,47552.769230769234,28453.076923076922,95833.46153846153,50600.07692307692,4429.384615384615,11498.76923076923,29305.46153846154,95833.46153846153,2.6192543710129548,1079.5,6941.0,-3708.5,-3192.0833333333335,40.25,3232.5,0.06127058701686329,0.9686854082575899,0.5137722224265555,46.924552401198895,AVERAGE
TATASTEEL,1178.0,165509.07692307694,144113.07692307694,21395.923076923078,11.923076923076923,1666.5384615384614,5951.076923076923,7514.2307692307695,9597.307692307691,49.333333333333336,5496.7692307692305,4.3076923076923075,-10.583333333333334,2.7490876565285065,1433.0,1109.3846153846155,65423.07692307692,87736.92307692308,67226.30769230769,221495.6923076923,111104.76923076923,24767.846153846152,8450.76923076923,77172.30769230769,221495.6923076923,1.5342791010787384,1091.5,20463.333333333332,-13622.833333333334,-7082.25,-241.91666666666666,6840.5,0.058086258978461223,0.9816568699088924,0.5546036766793133,48.41126675678462,AVERAGE
TCS,1191.0,151302.92307692306,110107.53846153847,41195.61538461538,27.46153846153846,3332.5384615384614,400.2307692307692,3037.4615384615386,41090.38461538462,24.416666666666668,30959.30769230769,82.46153846153847,51.0,20.95282900197702,1420.0,288.38461538461536,77584.07692307692,3874.769230769231,29193.384615384617,110940.61538461539,15603.307692307691,1585.8461538461538,25257.923076923078,68493.46153846153,110940.61538461539,0.04384302144021616,573.0,28429.166666666668,-2295.0,-25549.0,585.1666666666666,26134.166666666668,0.08718794030009247,0.999475833148415,0.7729485957114525,56.66025047779972,AVERAGE
TECHM,1204.0,34352.07692307692,29119.384615384617,5232.538461538462,16.307692307692307,726.6923076923077,178.07692307692307,1179.5384615384614,4601.846153846154,24.083333333333332,3530.0,37.23076923076923,48.0,11.423930302211025,1420.0,402.9230769230769,18952.076923076922,1984.1538461538462,10227.538461538461,31566.923076923078,8357.76923076923,229.46153846153845,4112.153846153846,18867.53846153846,31566.923076923078,0.10669196605604607,1115.5,4148.166666666667,-1448.4166666666667,-2357.3333333333335,342.4166666666667,2699.75,0.07195442494496293,0.998724440284909,0.5077431322787849,48.072204174709334,AVERAGE
TITAN,1217.0,23923.923076923078,21470.153846153848,2453.846153846154,10.076923076923077,188.15384615384616,211.6153846153846,270.0769230769231,2160.4615384615386,26.166666666666668,1601.3076923076924,18.076923076923077,28.75,6.610075677503845,1381.0,89.0,6136.076923076923,5384.923076923077,3960.3076923076924,15570.23076923077,1929.1538461538462,69.61538461538461,868.0769230769231,12703.384615384615,15570.23076923077,0.6377505182511705,1127.5,842.75,-478.6666666666667,-408.9166666666667,-44.75,364.0833333333333,0.06425868479141937,0.9923753502777118,0.48131057500337154,46.780925150089274,AVERAGE
TORNTPHARM,1230.0,7249.153846153846,5168.538461538462,2080.3846153846152,27.76923076923077,56.0,268.61538461538464,478.38461538461536,1389.7692307692307,23.916666666666668,1034.4615384615386,30.615384615384617,48.083333333333336,14.40654009048408,1368.0,101.07692307692308,4528.307692307692,3782.6153846153848,3021.5384615384614,11433.23076923077,5526.7692307692305,622.3846153846154,298.53846153846155,4985.538461538462,11433.23076923077,0.8227047502996899,1139.5,1570.0,-1022.8333333333334,-490.9166666666667,56.583333333333336,547.1666666666666,0.07672261835740135,0.9901641231698268,0.4833825147898023,47.27530387308493,AVERAGE
TRENT,1243.0,4711.7692307692305,4140.307692307692,571.7692307692307,8.692307692307692,259.15384615384613,160.6153846153846,237.53846153846155,432.84615384615387,44.666666666666664,311.15384615384613,9.307692307692308,7.75,3.4430791540047667,1355.0,34.38461538461539,2142.923076923077,1231.0,1060.8461538461538,4469.307692307692,1907.076923076923,98.0,1056.8461538461538,1407.4615384615386,4469.307692307692,0.5131875212008375,1151.5,244.33333333333334,-179.91666666666666,-62.75,1.6666666666666667,64.41666666666667,0.059195718787640794,0.9938645677596069,0.4779192707375521,46.5213439064204,AVERAGE
TVSMOTOR,1256.0,20240.0,17937.846153846152,2302.076923076923,9.846153846153847,75.84615384615384,724.0,510.38461538461536,1143.6923076923076,29.833333333333332,785.3076923076923,16.307692307692307,26.166666666666668,3.5901400533458885,1342.0,48.0,3400.3846153846152,9549.307692307691,5679.384615384615,18676.46153846154,3700.3846153846152,472.15384615384613,691.1538461538462,13812.923076923076,18676.46153846154,2.2663016504930087,1163.5,-302.5833333333333,-836.25,1337.5,253.66666666666666,-1138.8333333333333,0.05943081987737189,0.9729051474588576,0.46430218444885174,45.49345275232615,AVERAGE
ULTRACEMCO,1269.0,40979.92307692308,32912.307692307695,8067.461538461538,20.153846153846153,494.7692307692308,988.6153846153846,2156.769230769231,5416.923076923077,24.833333333333332,4130.538461538462,145.23076923076923,14.333333333333334,10.2073697518064,1329.0,281.15384615384613,35680.0,14144.0,16501.0,66605.92307692308,43278.153846153844,2903.3846153846152,6291.7692307692305,14132.76923076923,66605.92307692308,0.4399893477060554,1175.5,6780.0,-3229.9166666666665,-3641.8333333333335,-91.83333333333333,3550.0833333333335,0.07000955236220699,0.9947396912087252,0.5173662882099365,48.16356147704812,AVERAGE
UNIONBANK,1282.0,52518.692307692305,21831.23076923077,-3827.6923076923076,-10.076923076923077,9047.846153846154,34514.769230769234,424.6923076923077,4795.384615384615,5.083333333333333,3311.5384615384614,8.538461538461538,11.5,3.4132957213237587,1303.5,3108.5833333333335,38647.416666666664,638347.8333333334,22082.833333333332,702186.9166666666,5037.833333333333,28.583333333333332,187748.41666666666,509371.6666666667,702186.9166666666,16.133102359219063,1187.5,5775.75,-586.9166666666666,-473.4166666666667,4715.333333333333,5188.833333333333,0.05914810506087448,0.8071201027634135,0.5359118939906202,42.656884105055994,AVERAGE
UNITDSPR,1295.0,9715.923076923076,8867.461538461539,848.2307692307693,8.76923076923077,128.6153846153846,392.7692307692308,237.6153846153846,346.61538461538464,34.5,78.53846153846153,1.0769230769230769,1.25,0.7737235444199254,1291.0,143.53846153846155,3776.3076923076924,3184.923076923077,3168.153846153846,10273.461538461539,2578.6153846153848,119.6923076923077,212.92307692307693,7362.153846153846,10273.461538461539,1.5763698526754746,1199.5,777.9166666666666,215.91666666666666,-933.75,60.083333333333336,993.8333333333334,0.05492831381796571,0.9811536523837182,0.488437406576452,46.284864321523735,AVERAGE
VEDL,1321.0,92591.92307692308,70067.23076923077,22524.53846153846,22.615384615384617,348.3076923076923,5696.692307692308,7803.0,9373.153846153846,9.0,7004.384615384615,12.0,80.83333333333333,11.805591890211243,1253.0,328.2307692307692,50776.38461538462,65013.153846153844,63591.92307692308,179709.76923076922,80796.76923076923,25118.923076923078,27094.923076923078,46699.230769230766,179709.76923076922,1.3368422726751634,1223.5,21664.166666666668,-3068.75,-17853.666666666668,741.75,18595.416666666668,0.07256457390807523,0.9840173331555313,0.6876331506593522,53.05209747076951,AVERAGE
WIPRO,1334.0,63032.92307692308,50196.769230769234,12836.076923076924,20.53846153846154,2446.5384615384614,689.4615384615385,2214.6923076923076,12378.615384615385,21.833333333333332,9633.23076923077,8.384615384615385,14.25,15.712264137004356,1240.0,853.4615384615385,53542.92307692308,12386.461538461539,16884.0,83666.92307692308,24553.23076923077,1025.5384615384614,22564.846153846152,35523.46153846154,83666.92307692308,0.22651670681142105,1235.5,10402.0,-4108.0,-6131.583333333333,162.66666666666666,6294.0,0.07881003348678214,0.997291871200012,0.5484189788552745,49.52372684112988,AVERAGE
ZOMATO,1344.5,5966.875,6901.125,-934.375,-44.875,548.375,36.125,265.375,-687.625,-3.5714285714285716,-687.25,-15608.375,0.0,-33.58514411800093,1229.5,417.5,10731.125,484.0,1351.875,12984.75,3286.875,11.0,5042.375,4644.625,12984.75,0.15386120369341727,1244.0,-810.6,-2205.4,3035.4,19.4,-3016.0,0.0,0.9981605067335282,0.4430584358693613,43.23656827808668,AVERAGE
ZYDUSLIFE,1355.0,12934.0,9918.76923076923,3015.230769230769,22.46153846153846,226.76923076923077,127.76923076923077,530.0769230769231,2584.3846153846152,15.666666666666666,2185.769230769231,20.76923076923077,19.833333333333332,16.161641468946257,1206.0,101.76923076923077,10818.23076923077,3709.846153846154,4723.7692307692305,19353.923076923078,8645.846153846154,1093.076923076923,990.1538461538462,8625.0,19353.923076923078,0.49581798303214347,1252.5,1846.1666666666667,-1089.75,-702.5,53.75,756.4166666666666,0.07952843722913196,0.9940722299105328,0.4857505806995555,47.575821807467925,AVERAGE
